G__deepseek__RESTRI__.chain	G:\deepseek\RESTRI\.chain	nodes=10
G__deepseek__test__chain-gui-验证__.chain	G:\deepseek\test\chain-gui-验证\.chain	nodes=2
G__engram__.chain	G:\engram\.chain	nodes=13
G__learning__.chain	G:\learning\.chain	nodes=32
G__openGL__render_unified_oss__.chain	G:\openGL\render_unified_oss\.chain	nodes=86
G__perf1500__.chain	G:\perf1500\.chain	nodes=1500
G__story__story__.chain	G:\story\story\.chain	nodes=33
G__ta__.chain	G:\ta\.chain	nodes=74
G__test1.x__.chain	G:\test1.x\.chain	nodes=1
G__test1.x___scratch__ws_ana__.chain	G:\test1.x\_scratch\ws_ana\.chain	nodes=1
G__test1.x___scratch__ws_dev__.chain	G:\test1.x\_scratch\ws_dev\.chain	nodes=1
G__water__.chain	G:\water\.chain	nodes=31
D__TA__.chain	D:\TA\.chain	nodes=80
D__text_story__.chain	D:\text_story\.chain	nodes=34
D__unity__unityProjectLocation__jianmo__.chain	D:\unity\unityProjectLocation\jianmo\.chain	nodes=30
D__unity__unityProjectLocation__SDF__.chain	D:\unity\unityProjectLocation\SDF\.chain	nodes=105
D__unity_editor__.chain	D:\unity_editor\.chain	nodes=4
D__技术专栏__.chain	D:\技术专栏\.chain	nodes=1
